,summary,config,name
0,"{'_step': 32, '_wandb': {'runtime': 15}, '0E_loss': 2.8385355472564697, '4O_loss': 0.2627987861633301, 'tst loss': 0.8809, '_timestamp': 1681896810.810407, '1A_loss': 1.06480073928833, '2C_loss': 0.028610873967409137, '3N_loss': 0.20968511700630188, '_runtime': 17.01053285598755, '_trn loss': 4.3002, '_val loss': 2.2935}","{'D_h1': 256, 'D_h2': 64, 'epochs': 500, 'adam_lr': 0.0001, 'dropout': 0.6, 'version': '1911', 'batch_size': 2, 'valid_rate': 0.2, 'weight_decay': 1e-05, 'early_stop_num': 10}",1911M7002
1,"{'0E_loss': 8.76362419128418, '1A_loss': 0.107783704996109, '2C_loss': 1.2895961999893188, '3N_loss': 1.5496199131011963, '4O_loss': 12.920214653015137, '_runtime': 20.593401432037354, '_step': 41, '_wandb': {'runtime': 19}, '_trn loss': 5.954, '_val loss': 1.7108, 'tst loss': 4.9262, '_timestamp': 1681896788.6710885}","{'D_h1': 256, 'D_h2': 64, 'epochs': 500, 'adam_lr': 0.0001, 'dropout': 0.6, 'version': '1911', 'batch_size': 2, 'valid_rate': 0.2, 'weight_decay': 1e-05, 'early_stop_num': 10}",1911M7001
2,"{'0E_loss': 9.386594772338867, '1A_loss': 25.024110794067383, '3N_loss': 0.20590215921401975, '4O_loss': 0.011077036149799824, 'tst loss': 6.998, '_val loss': 1.5016, '_step': 62, '2C_loss': 0.36239394545555115, '_runtime': 29.63489866256714, '_trn loss': 5.0225, '_timestamp': 1681896763.9780447, '_wandb': {'runtime': 28}}","{'D_h1': 256, 'D_h2': 64, 'epochs': 500, 'adam_lr': 0.0001, 'dropout': 0.6, 'version': '1911', 'batch_size': 2, 'valid_rate': 0.2, 'weight_decay': 1e-05, 'early_stop_num': 10}",1911M6003
3,"{'_wandb': {'runtime': 15}, '2C_loss': 2.8193576335906982, '4O_loss': 1.5055108070373535, 'tst loss': 2.2835, '_val loss': 3.7746, '_timestamp': 1681896730.3058245, '_step': 32, '0E_loss': 2.5655157566070557, '1A_loss': 2.8229265213012695, '3N_loss': 1.7040988206863403, '_runtime': 16.73146939277649, '_trn loss': 6.6521}","{'D_h1': 256, 'D_h2': 64, 'epochs': 500, 'adam_lr': 0.0001, 'dropout': 0.6, 'version': '1911', 'batch_size': 2, 'valid_rate': 0.2, 'weight_decay': 1e-05, 'early_stop_num': 10}",1911M6002
4,"{'_runtime': 24.569028854370117, 'tst loss': 0.5463, '_trn loss': 4.1835, '_timestamp': 1681896709.3867018, '_step': 50, '0E_loss': 0.26773709058761597, '2C_loss': 0.008489816449582577, '4O_loss': 1.495060920715332, '_val loss': 2.0549, '_wandb': {'runtime': 22}, '1A_loss': 0.0030543727334588766, '3N_loss': 0.9573911428451538}","{'D_h1': 256, 'D_h2': 64, 'epochs': 500, 'adam_lr': 0.0001, 'dropout': 0.6, 'version': '1911', 'batch_size': 2, 'valid_rate': 0.2, 'weight_decay': 1e-05, 'early_stop_num': 10}",1911M6001
5,"{'_val loss': 2.8747, '_wandb': {'runtime': 19}, '2C_loss': 1.4484002590179443, '4O_loss': 0.31443414092063904, '_runtime': 20.91088581085205, 'tst loss': 1.37, '_trn loss': 6.2636, '_step': 42, '0E_loss': 0.4626040756702423, '1A_loss': 4.040798664093018, '3N_loss': 0.5836755037307739, '_timestamp': 1681896680.8770957}","{'D_h1': 256, 'D_h2': 64, 'epochs': 500, 'adam_lr': 0.0001, 'dropout': 0.6, 'version': '1911', 'batch_size': 2, 'valid_rate': 0.2, 'weight_decay': 1e-05, 'early_stop_num': 10}",1911M5002
6,"{'0E_loss': 0.5011116862297058, '2C_loss': 0.013205433264374731, '3N_loss': 2.675131559371948, '4O_loss': 0.03181160241365433, '_runtime': 21.834519863128666, 'tst loss': 0.8998, '_trn loss': 7.494, '_step': 44, '_timestamp': 1681896656.1059728, '_val loss': 3.3136, '1A_loss': 1.2775167226791382, '_wandb': {'runtime': 20}}","{'D_h1': 256, 'D_h2': 64, 'epochs': 500, 'adam_lr': 0.0001, 'dropout': 0.6, 'version': '1911', 'batch_size': 2, 'valid_rate': 0.2, 'weight_decay': 1e-05, 'early_stop_num': 10}",1911M5001
7,"{'_wandb': {'runtime': 17}, '0E_loss': 0.08805833756923676, '1A_loss': 0.10550465434789658, '2C_loss': 1.286115646362305, '4O_loss': 0.1162417083978653, '_runtime': 18.916860103607178, '_step': 36, '3N_loss': 0.33908239006996155, 'tst loss': 0.387, '_trn loss': 6.2002, '_val loss': 2.4283, '_timestamp': 1681896630.1173391}","{'D_h1': 256, 'D_h2': 64, 'epochs': 500, 'adam_lr': 0.0001, 'dropout': 0.6, 'version': '1911', 'batch_size': 2, 'valid_rate': 0.2, 'weight_decay': 1e-05, 'early_stop_num': 10}",1911M4002
8,"{'_val loss': 1.178, '_step': 61, '1A_loss': 4.776552677154541, '2C_loss': 0.5584332942962646, '4O_loss': 0.06549964845180511, '_runtime': 29.21608543395996, '_trn loss': 4.3197, '_wandb': {'runtime': 27}, '0E_loss': 1.4411144256591797, '3N_loss': 0.01243432890623808, 'tst loss': 1.3708, '_timestamp': 1681896606.4620974}","{'D_h1': 256, 'D_h2': 64, 'epochs': 500, 'adam_lr': 0.0001, 'dropout': 0.6, 'version': '1911', 'batch_size': 2, 'valid_rate': 0.2, 'weight_decay': 1e-05, 'early_stop_num': 10}",1911M4001
9,"{'0E_loss': 0.6153371930122375, '3N_loss': 0.007567903026938438, 'tst loss': 1.0721, '_val loss': 3.343, '_timestamp': 1681896572.7577193, '_step': 43, '_wandb': {'runtime': 19}, '1A_loss': 2.9754552841186523, '2C_loss': 1.484610080718994, '4O_loss': 0.27772945165634155, '_runtime': 21.870190382003784, '_trn loss': 6.7086}","{'D_h1': 256, 'D_h2': 64, 'epochs': 500, 'adam_lr': 0.0001, 'dropout': 0.6, 'version': '1911', 'batch_size': 2, 'valid_rate': 0.2, 'weight_decay': 1e-05, 'early_stop_num': 10}",1911M2003
10,"{'_step': 33, '_wandb': {'runtime': 15}, '_timestamp': 1681896546.5903363, '_runtime': 17.488683223724365, 'tst loss': 1.1801, '_trn loss': 6.4472, '0E_loss': 1.045050024986267, '1A_loss': 1.52278470993042, '2C_loss': 2.8956570625305176, '3N_loss': 0.1753597855567932, '4O_loss': 0.26181313395500183, '_val loss': 1.9532}","{'D_h1': 256, 'D_h2': 64, 'epochs': 500, 'adam_lr': 0.0001, 'dropout': 0.6, 'version': '1911', 'batch_size': 2, 'valid_rate': 0.2, 'weight_decay': 1e-05, 'early_stop_num': 10}",1911M2002
11,"{'tst loss': 5.8828, '_wandb': {'runtime': 22}, '2C_loss': 1.320856690406799, '4O_loss': 5.408409595489502, '_runtime': 23.81535530090332, '_trn loss': 5.3344, '_val loss': 2.9007, '_timestamp': 1681896525.2180605, '_step': 49, '0E_loss': 17.08445930480957, '1A_loss': 3.6484782695770264, '3N_loss': 1.9516125917434692}","{'D_h1': 256, 'D_h2': 64, 'epochs': 500, 'adam_lr': 0.0001, 'dropout': 0.6, 'version': '1911', 'batch_size': 2, 'valid_rate': 0.2, 'weight_decay': 1e-05, 'early_stop_num': 10}",1911M2001
12,"{'_trn loss': 6.9954, '_timestamp': 1681896496.6918542, '2C_loss': 1.844673752784729, '4O_loss': 4.331625938415527, '_runtime': 20.067925214767456, '1A_loss': 0.5005326271057129, '3N_loss': 4.766744613647461, 'tst loss': 2.2919, '_val loss': 2.4126, '_step': 40, '_wandb': {'runtime': 18}, '0E_loss': 0.01615804433822632}","{'D_h1': 256, 'D_h2': 64, 'epochs': 500, 'adam_lr': 0.0001, 'dropout': 0.6, 'version': '1911', 'batch_size': 2, 'valid_rate': 0.2, 'weight_decay': 1e-05, 'early_stop_num': 10}",1911F7002
13,"{'4O_loss': 1.230177640914917, '_runtime': 22.296756267547607, 'tst loss': 2.0326, '_trn loss': 7.643, '_val loss': 3.2707, '_step': 46, '_wandb': {'runtime': 20}, '2C_loss': 0.7494559288024902, '_timestamp': 1681896472.1116612, '0E_loss': 6.607388973236084, '1A_loss': 1.5753915309906006, '3N_loss': 0.0006312669720500708}","{'D_h1': 256, 'D_h2': 64, 'epochs': 500, 'adam_lr': 0.0001, 'dropout': 0.6, 'version': '1911', 'batch_size': 2, 'valid_rate': 0.2, 'weight_decay': 1e-05, 'early_stop_num': 10}",1911F6003
14,"{'_runtime': 19.490867137908936, 'tst loss': 1.1276, '_trn loss': 5.5931, '_val loss': 1.4194, '0E_loss': 0.7281568646430969, '1A_loss': 1.5606718063354492, '3N_loss': 0.0005090665654279292, '4O_loss': 0.8765278458595276, '_step': 38, '_wandb': {'runtime': 17}, '2C_loss': 2.4719502925872803, '_timestamp': 1681896445.4666522}","{'D_h1': 256, 'D_h2': 64, 'epochs': 500, 'adam_lr': 0.0001, 'dropout': 0.6, 'version': '1911', 'batch_size': 2, 'valid_rate': 0.2, 'weight_decay': 1e-05, 'early_stop_num': 10}",1911F6002
15,"{'2C_loss': 3.4310953617095947, '3N_loss': 0.051263608038425446, '4O_loss': 0.582709789276123, '_step': 32, '0E_loss': 2.207524538040161, '_runtime': 16.658014059066772, 'tst loss': 1.2556, '_trn loss': 6.0877, '_val loss': 2.6864, '_timestamp': 1681896421.814261, '_wandb': {'runtime': 15}, '1A_loss': 0.00536120543256402}","{'D_h1': 256, 'D_h2': 64, 'epochs': 500, 'adam_lr': 0.0001, 'dropout': 0.6, 'version': '1911', 'batch_size': 2, 'valid_rate': 0.2, 'weight_decay': 1e-05, 'early_stop_num': 10}",1911F6001
16,"{'tst loss': 0.6737, '_step': 47, '_wandb': {'runtime': 21}, '0E_loss': 0.10451017320156096, '3N_loss': 0.4810388684272766, '4O_loss': 0.21951650083065033, '_runtime': 23.20427942276001, '1A_loss': 0.9335477352142334, '2C_loss': 1.6301065683364868, '_trn loss': 6.7498, '_val loss': 2.1216, '_timestamp': 1681896397.6227283}","{'D_h1': 256, 'D_h2': 64, 'epochs': 500, 'adam_lr': 0.0001, 'dropout': 0.6, 'version': '1911', 'batch_size': 2, 'valid_rate': 0.2, 'weight_decay': 1e-05, 'early_stop_num': 10}",1911F5002
17,"{'0E_loss': 1.1011550426483154, '4O_loss': 1.2124484777450562, 'tst loss': 1.7767, '_timestamp': 1681896370.354663, '_val loss': 3.0985, '_step': 49, '_wandb': {'runtime': 22}, '1A_loss': 3.8721249103546143, '2C_loss': 1.303700566291809, '3N_loss': 1.3940160274505615, '_runtime': 23.75760054588318, '_trn loss': 6.309}","{'D_h1': 256, 'D_h2': 64, 'epochs': 500, 'adam_lr': 0.0001, 'dropout': 0.6, 'version': '1911', 'batch_size': 2, 'valid_rate': 0.2, 'weight_decay': 1e-05, 'early_stop_num': 10}",1911F5001
18,"{'2C_loss': 0.1973530799150467, '3N_loss': 0.1280989944934845, '4O_loss': 5.2401041984558105, '_runtime': 24.677236795425415, '_step': 51, '_wandb': {'runtime': 23}, '0E_loss': 5.964087963104248, '1A_loss': 0.9629672169685364, 'tst loss': 2.4985, '_trn loss': 6.0321, '_val loss': 2.0608, '_timestamp': 1681896316.6905997}","{'D_h1': 256, 'D_h2': 64, 'epochs': 500, 'adam_lr': 0.0001, 'dropout': 0.6, 'version': '1911', 'batch_size': 2, 'valid_rate': 0.2, 'weight_decay': 1e-05, 'early_stop_num': 10}",1911F4002
19,"{'2C_loss': 0.1382816582918167, '4O_loss': 0.8099375367164612, '_trn loss': 6.2507, '_val loss': 3.2256, '_timestamp': 1681896287.3943636, '0E_loss': 1.0785175561904907, '_wandb': {'runtime': 18}, '1A_loss': 0.9269563555717468, '3N_loss': 1.1717060804367063, '_runtime': 20.173144578933716, 'tst loss': 0.8251, '_step': 39}","{'D_h1': 256, 'D_h2': 64, 'epochs': 500, 'adam_lr': 0.0001, 'dropout': 0.6, 'version': '1911', 'batch_size': 2, 'valid_rate': 0.2, 'weight_decay': 1e-05, 'early_stop_num': 10}",1911F4001
20,"{'_wandb': {'runtime': 15}, '1A_loss': 0.48110833764076233, '_runtime': 17.04256296157837, '_timestamp': 1681896262.490246, '_step': 33, '2C_loss': 4.751395225524902, '3N_loss': 1.893794433271978e-06, '4O_loss': 0.021664081141352657, 'tst loss': 1.6394, '_trn loss': 10.7019, '_val loss': 1.296, '0E_loss': 2.9429855346679688}","{'D_h1': 256, 'D_h2': 64, 'epochs': 500, 'adam_lr': 0.0001, 'dropout': 0.6, 'version': '1911', 'batch_size': 2, 'valid_rate': 0.2, 'weight_decay': 1e-05, 'early_stop_num': 10}",1911F3003
21,"{'_runtime': 18.737541437149048, 'tst loss': 3.6876, '_wandb': {'runtime': 17}, '0E_loss': 11.249568939208984, '1A_loss': 4.5393548011779785, '2C_loss': 0.17815880477428436, '4O_loss': 0.9293745756149292, '_step': 37, '3N_loss': 1.5413870811462402, '_trn loss': 5.5247, '_val loss': 1.6031, '_timestamp': 1681896241.4018314}","{'D_h1': 256, 'D_h2': 64, 'epochs': 500, 'adam_lr': 0.0001, 'dropout': 0.6, 'version': '1911', 'batch_size': 2, 'valid_rate': 0.2, 'weight_decay': 1e-05, 'early_stop_num': 10}",1911F3002
22,"{'_wandb': {'runtime': 14}, '0E_loss': 3.338527202606201, '4O_loss': 0.08083236962556839, '_runtime': 16.478009939193726, '_trn loss': 7.2577, '_timestamp': 1681896215.0909848, '_step': 32, '2C_loss': 3.399941682815552, '3N_loss': 0.3484879732131958, 'tst loss': 3.0262, '_val loss': 2.7793, '1A_loss': 7.963277816772461}","{'D_h1': 256, 'D_h2': 64, 'epochs': 500, 'adam_lr': 0.0001, 'dropout': 0.6, 'version': '1911', 'batch_size': 2, 'valid_rate': 0.2, 'weight_decay': 1e-05, 'early_stop_num': 10}",1911F3001
23,"{'tst loss': 1.7382, '_val loss': 2.5451, '_timestamp': 1681896194.1398115, '_step': 34, '_wandb': {'runtime': 15}, '0E_loss': 0.33943232893943787, '2C_loss': 3.033914804458618, '3N_loss': 1.5823382139205933, '1A_loss': 0.0037564379163086414, '4O_loss': 3.731788158416748, '_runtime': 17.37595558166504, '_trn loss': 6.757}","{'D_h1': 256, 'D_h2': 64, 'epochs': 500, 'adam_lr': 0.0001, 'dropout': 0.6, 'version': '1911', 'batch_size': 2, 'valid_rate': 0.2, 'weight_decay': 1e-05, 'early_stop_num': 10}",1911F2002
24,"{'_step': 35, '0E_loss': 5.953742027282715, '1A_loss': 0.7941440939903259, '3N_loss': 6.615103244781494, '4O_loss': 0.481568843126297, '_runtime': 17.611756086349487, '_trn loss': 7.3687, '_val loss': 2.5838, '_wandb': {'runtime': 17}, '2C_loss': 11.394271850585938, 'tst loss': 5.0478, '_timestamp': 1681896172.59368}","{'D_h1': 256, 'D_h2': 64, 'epochs': 500, 'adam_lr': 0.0001, 'dropout': 0.6, 'version': '1911', 'batch_size': 2, 'valid_rate': 0.2, 'weight_decay': 1e-05, 'early_stop_num': 10}",1911F2001
25,"{'_step': 53, '_wandb': {'runtime': 24}, '0E_loss': 4.030529975891113, 'tst loss': 1.3106, '_timestamp': 1681896146.1539292, '_trn loss': 5.4955, '_val loss': 1.1479, '1A_loss': 1.9723631143569944, '2C_loss': 0.01868966966867447, '3N_loss': 0.19220106303691864, '4O_loss': 0.33897021412849426, '_runtime': 25.53546118736267}","{'D_h1': 256, 'D_h2': 64, 'epochs': 500, 'adam_lr': 0.0001, 'dropout': 0.6, 'version': '1911', 'batch_size': 2, 'valid_rate': 0.2, 'weight_decay': 1e-05, 'early_stop_num': 10}",1911M7002
26,"{'3N_loss': 1.7393654584884644, '_runtime': 25.536446809768677, 'tst loss': 4.8674, '_trn loss': 7.1403, '_val loss': 2.7015, '0E_loss': 8.85959243774414, '1A_loss': 0.10048743337392808, '2C_loss': 1.8233895301818848, '4O_loss': 11.814308166503906, '_timestamp': 1681896116.3741868, '_step': 54, '_wandb': {'runtime': 23}}","{'D_h1': 256, 'D_h2': 64, 'epochs': 500, 'adam_lr': 0.0001, 'dropout': 0.6, 'version': '1911', 'batch_size': 2, 'valid_rate': 0.2, 'weight_decay': 1e-05, 'early_stop_num': 10}",1911M7001
27,"{'0E_loss': 9.19654941558838, '2C_loss': 0.23825842142105105, '4O_loss': 0.0772659033536911, 'tst loss': 7.4734, '_trn loss': 10.4826, '_timestamp': 1681896086.5958283, '_step': 34, '_wandb': {'runtime': 15}, '1A_loss': 27.710412979125977, '3N_loss': 0.14440877735614777, '_runtime': 17.537267208099365, '_val loss': 1.5597}","{'D_h1': 256, 'D_h2': 64, 'epochs': 500, 'adam_lr': 0.0001, 'dropout': 0.6, 'version': '1911', 'batch_size': 2, 'valid_rate': 0.2, 'weight_decay': 1e-05, 'early_stop_num': 10}",1911M6003
28,"{'_step': 62, '0E_loss': 1.946688890457153, '3N_loss': 1.0133345127105713, 'tst loss': 2.0312, '_trn loss': 6.5914, '_val loss': 1.9387, '_timestamp': 1681896064.942206, '_wandb': {'runtime': 28}, '1A_loss': 3.1003472805023193, '2C_loss': 2.642094373703003, '4O_loss': 1.4537054300308228, '_runtime': 29.753593921661377}","{'D_h1': 256, 'D_h2': 64, 'epochs': 500, 'adam_lr': 0.0001, 'dropout': 0.6, 'version': '1911', 'batch_size': 2, 'valid_rate': 0.2, 'weight_decay': 1e-05, 'early_stop_num': 10}",1911M6002
29,"{'_wandb': {'runtime': 20}, '1A_loss': 0.18769106268882751, '4O_loss': 2.077434778213501, '_runtime': 22.43985629081726, '_timestamp': 1681896030.8303163, '_step': 46, '2C_loss': 0.00608252314850688, '3N_loss': 1.4598934650421145, 'tst loss': 0.8007, '_trn loss': 9.8274, '_val loss': 2.7705, '0E_loss': 0.27263766527175903}","{'D_h1': 256, 'D_h2': 64, 'epochs': 500, 'adam_lr': 0.0001, 'dropout': 0.6, 'version': '1911', 'batch_size': 2, 'valid_rate': 0.2, 'weight_decay': 1e-05, 'early_stop_num': 10}",1911M6001
30,"{'1A_loss': 3.5789899826049805, '3N_loss': 1.1604634523391724, '4O_loss': 0.200718492269516, 'tst loss': 1.1211, '_trn loss': 6.1667, '_step': 31, '_wandb': {'runtime': 14}, '_runtime': 16.352453231811523, '_val loss': 2.3287, '_timestamp': 1681896003.881842, '0E_loss': 0.12584124505519867, '2C_loss': 0.539697527885437}","{'D_h1': 256, 'D_h2': 64, 'epochs': 500, 'adam_lr': 0.0001, 'dropout': 0.6, 'version': '1911', 'batch_size': 2, 'valid_rate': 0.2, 'weight_decay': 1e-05, 'early_stop_num': 10}",1911M5002
31,"{'_wandb': {'runtime': 18}, '0E_loss': 0.4782945215702057, '3N_loss': 1.9908759593963623, 'tst loss': 1.3397, '_val loss': 1.8332, '_step': 39, '1A_loss': 3.857470989227295, '2C_loss': 0.32750651240348816, '4O_loss': 0.04444395005702973, '_runtime': 20.08697485923767, '_trn loss': 8.1142, '_timestamp': 1681895982.8859248}","{'D_h1': 256, 'D_h2': 64, 'epochs': 500, 'adam_lr': 0.0001, 'dropout': 0.6, 'version': '1911', 'batch_size': 2, 'valid_rate': 0.2, 'weight_decay': 1e-05, 'early_stop_num': 10}",1911M5001
32,"{'_step': 30, '_wandb': {'runtime': 14}, '3N_loss': 0.09048686176538467, '_runtime': 16.018061876296997, '_trn loss': 7.6897, '_timestamp': 1681895958.9259129, '0E_loss': 0.310455322265625, '1A_loss': 0.18075408041477203, '2C_loss': 0.501156210899353, '4O_loss': 0.0013721555005759, 'tst loss': 0.2168, '_val loss': 3.5788}","{'D_h1': 256, 'D_h2': 64, 'epochs': 500, 'adam_lr': 0.0001, 'dropout': 0.6, 'version': '1911', 'batch_size': 2, 'valid_rate': 0.2, 'weight_decay': 1e-05, 'early_stop_num': 10}",1911M4002
33,"{'2C_loss': 0.9161643981933594, '4O_loss': 0.7889649868011475, '_runtime': 17.059165954589844, 'tst loss': 1.5321, '_trn loss': 6.2337, '_step': 33, '0E_loss': 1.6725574731826782, '1A_loss': 3.5165297985076904, '_val loss': 1.5359, '_wandb': {'runtime': 15}, '3N_loss': 0.7661449313163757, '_timestamp': 1681895938.234163}","{'D_h1': 256, 'D_h2': 64, 'epochs': 500, 'adam_lr': 0.0001, 'dropout': 0.6, 'version': '1911', 'batch_size': 2, 'valid_rate': 0.2, 'weight_decay': 1e-05, 'early_stop_num': 10}",1911M4001
34,"{'_step': 37, '_wandb': {'runtime': 17}, '0E_loss': 0.30429673194885254, '2C_loss': 2.4654200077056885, '3N_loss': 0.1021161898970604, 'tst loss': 1.1603, '_trn loss': 3.9747, '1A_loss': 2.924083709716797, '4O_loss': 0.00543210469186306, '_runtime': 18.608012437820435, '_val loss': 2.3392, '_timestamp': 1681895916.9673643}","{'D_h1': 256, 'D_h2': 64, 'epochs': 500, 'adam_lr': 0.0001, 'dropout': 0.6, 'version': '1911', 'batch_size': 2, 'valid_rate': 0.2, 'weight_decay': 1e-05, 'early_stop_num': 10}",1911M2003
35,"{'1A_loss': 1.4315775632858276, '2C_loss': 2.8507823944091797, '4O_loss': 0.7923094034194946, '_runtime': 20.577385425567627, '_timestamp': 1681895894.1658063, '_wandb': {'runtime': 19}, '0E_loss': 0.14377671480178833, '3N_loss': 0.3354713022708893, 'tst loss': 1.1108, '_trn loss': 6.091, '_val loss': 3.331, '_step': 40}","{'D_h1': 256, 'D_h2': 64, 'epochs': 500, 'adam_lr': 0.0001, 'dropout': 0.6, 'version': '1911', 'batch_size': 2, 'valid_rate': 0.2, 'weight_decay': 1e-05, 'early_stop_num': 10}",1911M2002
36,"{'2C_loss': 0.7925182580947876, '3N_loss': 1.3119302988052368, '_runtime': 15.968508958816528, '_val loss': 2.794, '_wandb': {'runtime': 14}, '0E_loss': 11.17675495147705, '1A_loss': 1.1571751832962036, '_trn loss': 9.0786, '_timestamp': 1681895869.773689, '_step': 30, '4O_loss': 3.9943904876708984, 'tst loss': 3.6866}","{'D_h1': 256, 'D_h2': 64, 'epochs': 500, 'adam_lr': 0.0001, 'dropout': 0.6, 'version': '1911', 'batch_size': 2, 'valid_rate': 0.2, 'weight_decay': 1e-05, 'early_stop_num': 10}",1911M2001
37,"{'_wandb': {'runtime': 18}, '0E_loss': 0.5711172223091125, '2C_loss': 0.8413522243499756, '_val loss': 2.4634, '_timestamp': 1681895849.5795753, '_step': 42, '1A_loss': 0.1758221536874771, '3N_loss': 4.2122955322265625, '4O_loss': 3.9684576988220215, '_runtime': 20.5332772731781, 'tst loss': 1.9538, '_trn loss': 6.4405}","{'D_h1': 256, 'D_h2': 64, 'epochs': 500, 'adam_lr': 0.0001, 'dropout': 0.6, 'version': '1911', 'batch_size': 2, 'valid_rate': 0.2, 'weight_decay': 1e-05, 'early_stop_num': 10}",1911F7002
38,"{'_trn loss': 6.0416, '_timestamp': 1681895824.434012, '_step': 48, '_wandb': {'runtime': 21}, '0E_loss': 4.3196024894714355, '2C_loss': 0.5124629139900208, '_runtime': 23.153328895568848, '1A_loss': 0.5287858843803406, '3N_loss': 0.08738834410905838, '4O_loss': 0.621353030204773, 'tst loss': 1.2139, '_val loss': 3.5052}","{'D_h1': 256, 'D_h2': 64, 'epochs': 500, 'adam_lr': 0.0001, 'dropout': 0.6, 'version': '1911', 'batch_size': 2, 'valid_rate': 0.2, 'weight_decay': 1e-05, 'early_stop_num': 10}",1911F6003
39,"{'0E_loss': 2.1638262271881104, '1A_loss': 2.6260745525360107, '_runtime': 25.479124784469604, 'tst loss': 1.7478, '_val loss': 3.3439, '_timestamp': 1681895796.9077015, '_wandb': {'runtime': 23}, '2C_loss': 2.441394329071045, '3N_loss': 0.007626255508512259, '4O_loss': 1.500242829322815, '_trn loss': 6.4013, '_step': 53}","{'D_h1': 256, 'D_h2': 64, 'epochs': 500, 'adam_lr': 0.0001, 'dropout': 0.6, 'version': '1911', 'batch_size': 2, 'valid_rate': 0.2, 'weight_decay': 1e-05, 'early_stop_num': 10}",1911F6002
40,"{'3N_loss': 0.27211058139801025, '_runtime': 16.21351385116577, 'tst loss': 0.8563, '_timestamp': 1681895766.7659209, '0E_loss': 0.7830718159675598, '2C_loss': 3.0674052238464355, '1A_loss': 0.07721713930368423, '4O_loss': 0.08162876218557358, '_trn loss': 6.9856, '_val loss': 1.703, '_step': 31, '_wandb': {'runtime': 14}}","{'D_h1': 256, 'D_h2': 64, 'epochs': 500, 'adam_lr': 0.0001, 'dropout': 0.6, 'version': '1911', 'batch_size': 2, 'valid_rate': 0.2, 'weight_decay': 1e-05, 'early_stop_num': 10}",1911F6001
41,"{'_val loss': 2.5355, '0E_loss': 0.033306557685136795, '_runtime': 19.69393563270569, 'tst loss': 0.6697, '2C_loss': 2.0891294479370117, '3N_loss': 0.5649588704109192, '4O_loss': 0.008829341270029545, '_trn loss': 6.6741, '_timestamp': 1681895746.6133256, '_step': 40, '_wandb': {'runtime': 18}, '1A_loss': 0.6521793007850647}","{'D_h1': 256, 'D_h2': 64, 'epochs': 500, 'adam_lr': 0.0001, 'dropout': 0.6, 'version': '1911', 'batch_size': 2, 'valid_rate': 0.2, 'weight_decay': 1e-05, 'early_stop_num': 10}",1911F5002
42,"{'_val loss': 1.617, '_step': 59, '0E_loss': 1.3258044719696045, '3N_loss': 2.13241195678711, '4O_loss': 1.9967498779296875, '_runtime': 28.348126888275143, 'tst loss': 2.2436, '_wandb': {'runtime': 26}, '1A_loss': 3.817189931869507, '2C_loss': 1.9457229375839231, '_trn loss': 3.9626, '_timestamp': 1681895722.406014}","{'D_h1': 256, 'D_h2': 64, 'epochs': 500, 'adam_lr': 0.0001, 'dropout': 0.6, 'version': '1911', 'batch_size': 2, 'valid_rate': 0.2, 'weight_decay': 1e-05, 'early_stop_num': 10}",1911F5001
43,"{'1A_loss': 0.8009046316146851, '3N_loss': 0.15043191611766815, '_runtime': 18.067092657089233, 'tst loss': 2.2516, '_val loss': 2.7406, '_timestamp': 1681895689.3629766, '_step': 36, '_wandb': {'runtime': 16}, '0E_loss': 6.921441078186035, '2C_loss': 0.5426735877990723, '4O_loss': 2.8425955772399902, '_trn loss': 7.6367}","{'D_h1': 256, 'D_h2': 64, 'epochs': 500, 'adam_lr': 0.0001, 'dropout': 0.6, 'version': '1911', 'batch_size': 2, 'valid_rate': 0.2, 'weight_decay': 1e-05, 'early_stop_num': 10}",1911F4003
44,"{'_step': 55, '_wandb': {'runtime': 24}, '2C_loss': 0.0541587732732296, '_val loss': 1.0288, '_runtime': 26.150278091430664, 'tst loss': 3.3778, '_trn loss': 6.9446, '_timestamp': 1681895666.662172, '0E_loss': 9.498034477233888, '1A_loss': 0.8257356882095337, '3N_loss': 0.1505536288022995, '4O_loss': 6.360365390777588}","{'D_h1': 256, 'D_h2': 64, 'epochs': 500, 'adam_lr': 0.0001, 'dropout': 0.6, 'version': '1911', 'batch_size': 2, 'valid_rate': 0.2, 'weight_decay': 1e-05, 'early_stop_num': 10}",1911F4002
45,"{'_trn loss': 6.9461, '_val loss': 3.0012, '_timestamp': 1681895636.3032355, '_wandb': {'runtime': 19}, '3N_loss': 0.6629223227500916, '4O_loss': 1.2789270877838137, '2C_loss': 1.2289403676986694, '_runtime': 21.53971242904663, 'tst loss': 1.4154, '_step': 43, '0E_loss': 0.8289851546287537, '1A_loss': 3.077023506164551}","{'D_h1': 256, 'D_h2': 64, 'epochs': 500, 'adam_lr': 0.0001, 'dropout': 0.6, 'version': '1911', 'batch_size': 2, 'valid_rate': 0.2, 'weight_decay': 1e-05, 'early_stop_num': 10}",1911F4001
46,"{'_wandb': {'runtime': 18}, '0E_loss': 3.485121488571167, '4O_loss': 0.0237316582351923, '_trn loss': 4.4578, '_val loss': 1.938, '_step': 40, '1A_loss': 1.2454394102096558, '2C_loss': 4.1257171630859375, '3N_loss': 0.16592708230018616, '_runtime': 19.68808674812317, 'tst loss': 1.8092, '_timestamp': 1681895610.5979867}","{'D_h1': 256, 'D_h2': 64, 'epochs': 500, 'adam_lr': 0.0001, 'dropout': 0.6, 'version': '1911', 'batch_size': 2, 'valid_rate': 0.2, 'weight_decay': 1e-05, 'early_stop_num': 10}",1911F3003
47,"{'_wandb': {'runtime': 15}, '1A_loss': 1.5854047536849976, '2C_loss': 0.0816543772816658, '4O_loss': 0.8775745630264282, 'tst loss': 3.486, '_trn loss': 8.2207, '_step': 32, '0E_loss': 12.718284606933594, '3N_loss': 2.167051076889038, '_runtime': 16.629326581954956, '_val loss': 3.1271, '_timestamp': 1681895586.7849915}","{'D_h1': 256, 'D_h2': 64, 'epochs': 500, 'adam_lr': 0.0001, 'dropout': 0.6, 'version': '1911', 'batch_size': 2, 'valid_rate': 0.2, 'weight_decay': 1e-05, 'early_stop_num': 10}",1911F3002
48,"{'_timestamp': 1681895566.0536563, '_step': 28, '1A_loss': 5.456634998321533, '2C_loss': 2.639698266983032, '3N_loss': 0.9562343955039978, '4O_loss': 0.346552312374115, '_runtime': 14.85249924659729, '_val loss': 3.7411, '_wandb': {'runtime': 13}, '0E_loss': 1.3274741172790527, 'tst loss': 2.1453, '_trn loss': 6.828}","{'D_h1': 256, 'D_h2': 64, 'epochs': 500, 'adam_lr': 0.0001, 'dropout': 0.6, 'version': '1911', 'batch_size': 2, 'valid_rate': 0.2, 'weight_decay': 1e-05, 'early_stop_num': 10}",1911F3001
49,"{'4O_loss': 2.467085599899292, '_runtime': 17.314393997192383, 'tst loss': 1.6064, '_step': 33, '1A_loss': 0.0004446486127562821, '2C_loss': 3.160754442214966, '3N_loss': 1.562434434890747, '_trn loss': 6.053, '_val loss': 2.4873, '_timestamp': 1681895546.440903, '_wandb': {'runtime': 15}, '0E_loss': 0.8412262797355652}","{'D_h1': 256, 'D_h2': 64, 'epochs': 500, 'adam_lr': 0.0001, 'dropout': 0.6, 'version': '1911', 'batch_size': 2, 'valid_rate': 0.2, 'weight_decay': 1e-05, 'early_stop_num': 10}",1911F2002
50,"{'_val loss': 2.4138, '_timestamp': 1681895523.7520702, '_step': 29, '1A_loss': 1.1251379251480105, '3N_loss': 5.397068977355957, '4O_loss': 2.680596828460694, '_runtime': 37.729817152023315, 'tst loss': 4.7799, '_trn loss': 7.799, '_wandb': {'runtime': 14}, '0E_loss': 11.098796844482422, '2C_loss': 3.597892045974731}","{'D_h1': 256, 'D_h2': 64, 'epochs': 500, 'adam_lr': 0.0001, 'dropout': 0.6, 'version': '1911', 'batch_size': 2, 'valid_rate': 0.2, 'weight_decay': 1e-05, 'early_stop_num': 10}",1911F2001
51,"{'2C_loss': 0.2460560202598572, '3N_loss': 0.09081333130598068, '4O_loss': 1.3458585739135742, 'tst loss': 0.9543, '_trn loss': 7.3193, '_val loss': 1.9836, '0E_loss': 2.7981514930725098, '1A_loss': 0.2904033362865448, '_runtime': 16.798970460891724, '_timestamp': 1681895178.7812717, '_step': 31, '_wandb': {'runtime': 15}}","{'D_h1': 256, 'D_h2': 64, 'epochs': 500, 'adam_lr': 0.0001, 'dropout': 0.6, 'version': '1911', 'batch_size': 2, 'valid_rate': 0.2, 'weight_decay': 1e-05, 'early_stop_num': 10}",1911M7002
52,"{'0E_loss': 6.267533779144287, '1A_loss': 0.018138904124498367, '2C_loss': 0.8342241048812866, '3N_loss': 2.8863089084625244, '_runtime': 18.7959668636322, 'tst loss': 3.974, '_timestamp': 1681895157.9376478, '_step': 37, '_wandb': {'runtime': 17}, '4O_loss': 9.863609313964844, '_trn loss': 6.6123, '_val loss': 2.5851}","{'D_h1': 256, 'D_h2': 64, 'epochs': 500, 'adam_lr': 0.0001, 'dropout': 0.6, 'version': '1911', 'batch_size': 2, 'valid_rate': 0.2, 'weight_decay': 1e-05, 'early_stop_num': 10}",1911M7001
53,"{'_runtime': 16.64735221862793, '_timestamp': 1681895135.0529082, '_step': 32, '_wandb': {'runtime': 15}, '0E_loss': 7.625563144683838, '2C_loss': 0.006663883570581675, '3N_loss': 0.00031547824619337916, '4O_loss': 0.0984751358628273, '1A_loss': 25.919525146484375, 'tst loss': 6.7301, '_trn loss': 7.4137, '_val loss': 2.2722}","{'D_h1': 256, 'D_h2': 64, 'epochs': 500, 'adam_lr': 0.0001, 'dropout': 0.6, 'version': '1911', 'batch_size': 2, 'valid_rate': 0.2, 'weight_decay': 1e-05, 'early_stop_num': 10}",1911M6003
54,"{'1A_loss': 3.748896837234497, '3N_loss': 1.7641301155090332, '_runtime': 25.50665712356567, '_val loss': 3.6305, '_timestamp': 1681895114.093537, '_step': 53, '_wandb': {'runtime': 23}, '0E_loss': 1.8507224321365356, '_trn loss': 5.294, '2C_loss': 2.7061803340911865, '4O_loss': 1.4907121658325195, 'tst loss': 2.3121}","{'D_h1': 256, 'D_h2': 64, 'epochs': 500, 'adam_lr': 0.0001, 'dropout': 0.6, 'version': '1911', 'batch_size': 2, 'valid_rate': 0.2, 'weight_decay': 1e-05, 'early_stop_num': 10}",1911M6002
55,"{'3N_loss': 1.6192514896392822, '_trn loss': 6.6844, '_timestamp': 1681895084.4211757, '_wandb': {'runtime': 16}, '0E_loss': 0.745177149772644, '2C_loss': 0.03645658865571022, '4O_loss': 1.869566798210144, '_runtime': 17.628171682357788, 'tst loss': 0.8545, '_val loss': 2.074, '_step': 35, '1A_loss': 0.002122893463820219}","{'D_h1': 256, 'D_h2': 64, 'epochs': 500, 'adam_lr': 0.0001, 'dropout': 0.6, 'version': '1911', 'batch_size': 2, 'valid_rate': 0.2, 'weight_decay': 1e-05, 'early_stop_num': 10}",1911M6001
56,"{'0E_loss': 0.06770231574773788, '1A_loss': 1.2877405881881714, '2C_loss': 0.381965309381485, '3N_loss': 0.5332913398742676, '4O_loss': 0.15238752961158752, '_runtime': 19.263002157211304, 'tst loss': 0.4846, '_step': 38, '_timestamp': 1681895062.341953, '_trn loss': 4.7631, '_val loss': 1.8248, '_wandb': {'runtime': 17}}","{'D_h1': 256, 'D_h2': 64, 'epochs': 500, 'adam_lr': 0.0001, 'dropout': 0.6, 'version': '1911', 'batch_size': 2, 'valid_rate': 0.2, 'weight_decay': 1e-05, 'early_stop_num': 10}",1911M5002
57,"{'4O_loss': 0.016308225691318512, '_runtime': 20.156710624694824, '_trn loss': 6.5071, '_val loss': 3.286, '_wandb': {'runtime': 18}, '1A_loss': 1.857529640197754, '2C_loss': 0.005811020266264677, '3N_loss': 2.3553507328033447, '_timestamp': 1681895038.4760995, '_step': 41, '0E_loss': 0.771730363368988, 'tst loss': 1.0013}","{'D_h1': 256, 'D_h2': 64, 'epochs': 500, 'adam_lr': 0.0001, 'dropout': 0.6, 'version': '1911', 'batch_size': 2, 'valid_rate': 0.2, 'weight_decay': 1e-05, 'early_stop_num': 10}",1911M5001
58,"{'_step': 28, '_wandb': {'runtime': 13}, '1A_loss': 0.3597819209098816, '2C_loss': 0.6880263090133667, '4O_loss': 0.00497891241684556, '_timestamp': 1681895013.4934306, '0E_loss': 0.12196546047925948, '3N_loss': 0.2258424013853073, '_runtime': 15.05328369140625, 'tst loss': 0.2801, '_trn loss': 5.9601, '_val loss': 3.3552}","{'D_h1': 256, 'D_h2': 64, 'epochs': 500, 'adam_lr': 0.0001, 'dropout': 0.6, 'version': '1911', 'batch_size': 2, 'valid_rate': 0.2, 'weight_decay': 1e-05, 'early_stop_num': 10}",1911M4002
59,"{'_val loss': 3.2093, '0E_loss': 1.6102110147476196, '3N_loss': 0.005581496749073267, '4O_loss': 0.03478316590189934, '_trn loss': 9.2239, '_runtime': 17.698299646377563, 'tst loss': 1.2599, '_timestamp': 1681894994.3131423, '_step': 35, '_wandb': {'runtime': 16}, '1A_loss': 4.466912746429443, '2C_loss': 0.1819968968629837}","{'D_h1': 256, 'D_h2': 64, 'epochs': 500, 'adam_lr': 0.0001, 'dropout': 0.6, 'version': '1911', 'batch_size': 2, 'valid_rate': 0.2, 'weight_decay': 1e-05, 'early_stop_num': 10}",1911M4001
60,"{'_runtime': 22.27181911468506, '_timestamp': 1681894972.0898151, '_step': 46, '_wandb': {'runtime': 20}, '1A_loss': 2.576427698135376, '4O_loss': 0.04945823922753334, 'tst loss': 1.1049, '_trn loss': 7.0496, '_val loss': 1.4687, '0E_loss': 0.6439201831817627, '2C_loss': 2.254316568374634, '3N_loss': 0.0005378434434533119}","{'D_h1': 256, 'D_h2': 64, 'epochs': 500, 'adam_lr': 0.0001, 'dropout': 0.6, 'version': '1911', 'batch_size': 2, 'valid_rate': 0.2, 'weight_decay': 1e-05, 'early_stop_num': 10}",1911M2003
61,"{'_wandb': {'runtime': 15}, '2C_loss': 2.124741315841675, '4O_loss': 0.977768898010254, '_runtime': 17.03010368347168, '_trn loss': 9.297, '_timestamp': 1681894945.1099255, '_step': 33, '0E_loss': 0.8849443793296814, '1A_loss': 1.5089718103408811, '3N_loss': 0.38657113909721375, 'tst loss': 1.1766, '_val loss': 2.1652}","{'D_h1': 256, 'D_h2': 64, 'epochs': 500, 'adam_lr': 0.0001, 'dropout': 0.6, 'version': '1911', 'batch_size': 2, 'valid_rate': 0.2, 'weight_decay': 1e-05, 'early_stop_num': 10}",1911M2002
62,"{'_wandb': {'runtime': 18}, '0E_loss': 13.70921516418457, '1A_loss': 2.978087902069092, '3N_loss': 1.921723484992981, '_val loss': 1.2968, '_timestamp': 1681894923.449644, '_step': 41, '2C_loss': 0.7933573126792908, '4O_loss': 3.7029788494110103, '_runtime': 20.215151071548465, 'tst loss': 4.6211, '_trn loss': 6.8613}","{'D_h1': 256, 'D_h2': 64, 'epochs': 500, 'adam_lr': 0.0001, 'dropout': 0.6, 'version': '1911', 'batch_size': 2, 'valid_rate': 0.2, 'weight_decay': 1e-05, 'early_stop_num': 10}",1911M2001
63,"{'tst loss': 2.5634, '_timestamp': 1681894898.6170197, '_step': 51, '0E_loss': 0.5208367109298706, '1A_loss': 0.327367901802063, '2C_loss': 1.7635563611984253, '3N_loss': 5.91339111328125, '_wandb': {'runtime': 22}, '4O_loss': 4.291961193084717, '_runtime': 24.159703731536865, '_trn loss': 4.8471, '_val loss': 3.405}","{'D_h1': 256, 'D_h2': 64, 'epochs': 500, 'adam_lr': 0.0001, 'dropout': 0.6, 'version': '1911', 'batch_size': 2, 'valid_rate': 0.2, 'weight_decay': 1e-05, 'early_stop_num': 10}",1911F7002
64,"{'2C_loss': 1.130554437637329, '4O_loss': 1.6402944326400757, '_trn loss': 3.9776, '_step': 56, '0E_loss': 6.1165900230407715, '1A_loss': 2.6897387504577637, '3N_loss': 0.02593720518052578, '_runtime': 25.979485750198364, 'tst loss': 2.3206, '_val loss': 3.7579, '_timestamp': 1681894869.6009068, '_wandb': {'runtime': 24}}","{'D_h1': 256, 'D_h2': 64, 'epochs': 500, 'adam_lr': 0.0001, 'dropout': 0.6, 'version': '1911', 'batch_size': 2, 'valid_rate': 0.2, 'weight_decay': 1e-05, 'early_stop_num': 10}",1911F6003
65,"{'_step': 54, 'tst loss': 1.3221, '_trn loss': 6.4729, '3N_loss': 0.003129353979602456, '4O_loss': 0.9168436527252196, '_runtime': 25.93156886100769, '_val loss': 1.2099, '_wandb': {'runtime': 24}, '0E_loss': 1.393818974494934, '1A_loss': 1.6828025579452517, '2C_loss': 2.613839626312256, '_timestamp': 1681894839.7642298}","{'D_h1': 256, 'D_h2': 64, 'epochs': 500, 'adam_lr': 0.0001, 'dropout': 0.6, 'version': '1911', 'batch_size': 2, 'valid_rate': 0.2, 'weight_decay': 1e-05, 'early_stop_num': 10}",1911F6002
66,"{'_wandb': {'runtime': 15}, '1A_loss': 0.2924482524394989, '2C_loss': 3.0767390727996826, 'tst loss': 0.9448, '_trn loss': 7.7203, '_step': 34, '0E_loss': 0.8373069763183594, '3N_loss': 0.1789744645357132, '4O_loss': 0.33833199739456177, '_runtime': 17.43631649017334, '_val loss': 3.0522, '_timestamp': 1681894809.5216625}","{'D_h1': 256, 'D_h2': 64, 'epochs': 500, 'adam_lr': 0.0001, 'dropout': 0.6, 'version': '1911', 'batch_size': 2, 'valid_rate': 0.2, 'weight_decay': 1e-05, 'early_stop_num': 10}",1911F6001
67,"{'3N_loss': 0.9446887373924256, '4O_loss': 0.07217541337013245, '_timestamp': 1681894787.7496274, '_wandb': {'runtime': 18}, '0E_loss': 0.3644913136959076, '1A_loss': 2.144085645675659, '2C_loss': 1.0370651483535769, '_val loss': 1.8232, '_step': 42, '_runtime': 20.662652254104614, 'tst loss': 0.9125, '_trn loss': 4.8701}","{'D_h1': 256, 'D_h2': 64, 'epochs': 500, 'adam_lr': 0.0001, 'dropout': 0.6, 'version': '1911', 'batch_size': 2, 'valid_rate': 0.2, 'weight_decay': 1e-05, 'early_stop_num': 10}",1911F5002
68,"{'_wandb': {'runtime': 23}, '0E_loss': 1.4334381818771362, '2C_loss': 1.7490724325180054, '4O_loss': 2.1980552673339844, '_trn loss': 7.7579, '_timestamp': 1681894763.0968523, '_step': 43, '1A_loss': 4.103339195251465, '3N_loss': 2.453178882598877, '_runtime': 24.803436279296875, 'tst loss': 2.3874, '_val loss': 2.7116}","{'D_h1': 256, 'D_h2': 64, 'epochs': 500, 'adam_lr': 0.0001, 'dropout': 0.6, 'version': '1911', 'batch_size': 2, 'valid_rate': 0.2, 'weight_decay': 1e-05, 'early_stop_num': 10}",1911F5001
69,"{'_step': 41, '_wandb': {'runtime': 18}, '4O_loss': 2.4763903617858887, '_val loss': 2.7874, '_timestamp': 1681894733.5970042, '0E_loss': 10.61252784729004, '1A_loss': 1.0972734689712524, '2C_loss': 0.04385921731591225, '3N_loss': 0.11297353357076644, '_runtime': 20.03948211669922, 'tst loss': 2.8686, '_trn loss': 5.4095}","{'D_h1': 256, 'D_h2': 64, 'epochs': 500, 'adam_lr': 0.0001, 'dropout': 0.6, 'version': '1911', 'batch_size': 2, 'valid_rate': 0.2, 'weight_decay': 1e-05, 'early_stop_num': 10}",1911F4003
70,"{'1A_loss': 1.3233239650726318, '2C_loss': 0.00878066010773182, '4O_loss': 5.179598808288574, '_runtime': 21.105023860931396, 'tst loss': 2.6969, '_trn loss': 7.6415, '_wandb': {'runtime': 19}, '0E_loss': 6.726856231689453, '_val loss': 1.2132, '_timestamp': 1681894708.8623168, '_step': 43, '3N_loss': 0.24598932266235352}","{'D_h1': 256, 'D_h2': 64, 'epochs': 500, 'adam_lr': 0.0001, 'dropout': 0.6, 'version': '1911', 'batch_size': 2, 'valid_rate': 0.2, 'weight_decay': 1e-05, 'early_stop_num': 10}",1911F4002
71,"{'_timestamp': 1681894683.7363646, '_step': 60, '0E_loss': 1.81914746761322, '2C_loss': 1.076729655265808, '4O_loss': 1.1691431999206543, '_val loss': 1.4787, '_trn loss': 6.8793, '_wandb': {'runtime': 26}, '1A_loss': 2.350132942199707, '3N_loss': 1.07008695602417, '_runtime': 27.852516651153564, 'tst loss': 1.497}","{'D_h1': 256, 'D_h2': 64, 'epochs': 500, 'adam_lr': 0.0001, 'dropout': 0.6, 'version': '1911', 'batch_size': 2, 'valid_rate': 0.2, 'weight_decay': 1e-05, 'early_stop_num': 10}",1911F4001
72,"{'tst loss': 1.6289, '_timestamp': 1681894651.5247912, '1A_loss': 1.6787374019622805, '3N_loss': 0.4194032847881317, '4O_loss': 0.07627290487289429, '2C_loss': 3.5668725967407227, '_runtime': 21.368102312088013, '_trn loss': 6.0468, '_val loss': 3.1458, '_step': 44, '_wandb': {'runtime': 19}, '0E_loss': 2.40299129486084}","{'D_h1': 256, 'D_h2': 64, 'epochs': 500, 'adam_lr': 0.0001, 'dropout': 0.6, 'version': '1911', 'batch_size': 2, 'valid_rate': 0.2, 'weight_decay': 1e-05, 'early_stop_num': 10}",1911F3003
73,"{'1A_loss': 2.164811134338379, '3N_loss': 1.6656959056854248, 'tst loss': 3.1138, '_trn loss': 7.1032, '_val loss': 2.4706, '_timestamp': 1681894625.7843914, '_wandb': {'runtime': 16}, '0E_loss': 9.822848320007324, '2C_loss': 0.011089686304330826, '4O_loss': 1.904308199882507, '_runtime': 18.443817377090458, '_step': 37}","{'D_h1': 256, 'D_h2': 64, 'epochs': 500, 'adam_lr': 0.0001, 'dropout': 0.6, 'version': '1911', 'batch_size': 2, 'valid_rate': 0.2, 'weight_decay': 1e-05, 'early_stop_num': 10}",1911F3002
74,"{'_step': 35, '_wandb': {'runtime': 15}, '1A_loss': 3.799204587936402, '3N_loss': 0.013176187872886658, '_val loss': 2.1322, '_trn loss': 7.8287, '_timestamp': 1681894603.046941, '0E_loss': 6.169205188751221, '2C_loss': 2.0104026794433594, '4O_loss': 0.17492036521434784, '_runtime': 17.430602073669434, 'tst loss': 2.4334}","{'D_h1': 256, 'D_h2': 64, 'epochs': 500, 'adam_lr': 0.0001, 'dropout': 0.6, 'version': '1911', 'batch_size': 2, 'valid_rate': 0.2, 'weight_decay': 1e-05, 'early_stop_num': 10}",1911F3001
75,"{'2C_loss': 3.2925965785980225, '_runtime': 18.034934282302856, 'tst loss': 1.4848, '_trn loss': 7.9005, '_step': 36, '0E_loss': 0.6661548614501953, '1A_loss': 0.14852935075759888, '3N_loss': 1.0258086919784546, '4O_loss': 2.2907347679138184, '_val loss': 2.1473, '_timestamp': 1681894580.7465923, '_wandb': {'runtime': 16}}","{'D_h1': 256, 'D_h2': 64, 'epochs': 500, 'adam_lr': 0.0001, 'dropout': 0.6, 'version': '1911', 'batch_size': 2, 'valid_rate': 0.2, 'weight_decay': 1e-05, 'early_stop_num': 10}",1911F2002
76,"{'2C_loss': 10.299983024597168, '3N_loss': 8.608741760253906, '4O_loss': 0.7933912873268127, 'tst loss': 5.7414, '_step': 46, '_wandb': {'runtime': 21}, '1A_loss': 1.383217453956604, '_val loss': 1.3545, '_timestamp': 1681894558.8000598, '0E_loss': 7.621607780456543, '_runtime': 21.83007788658142, '_trn loss': 7.3676}","{'D_h1': 256, 'D_h2': 64, 'epochs': 500, 'adam_lr': 0.0001, 'dropout': 0.6, 'version': '1911', 'batch_size': 2, 'valid_rate': 0.2, 'weight_decay': 1e-05, 'early_stop_num': 10}",1911F2001
77,"{'_wandb': {'runtime': 19}, '0E_loss': 5.405411243438721, '2C_loss': 0.02650689147412777, 'tst loss': 1.7391, '_trn loss': 5.283, '_val loss': 2.599, '_step': 44, '1A_loss': 2.208337783813477, '3N_loss': 0.1783847063779831, '4O_loss': 0.877060055732727, '_runtime': 21.55890154838562, '_timestamp': 1681894528.0816965}","{'D_h1': 256, 'D_h2': 64, 'epochs': 500, 'adam_lr': 0.0001, 'dropout': 0.6, 'version': '1911', 'batch_size': 2, 'valid_rate': 0.2, 'weight_decay': 1e-05, 'early_stop_num': 10}",1911M7002
78,"{'_trn loss': 7.4518, '_wandb': {'runtime': 17}, '0E_loss': 10.09443473815918, '1A_loss': 0.04978156462311745, '2C_loss': 1.6181668043136597, '3N_loss': 1.4295518398284912, '4O_loss': 13.934981346130373, '_runtime': 18.81717205047607, '_timestamp': 1681894502.333672, '_step': 38, 'tst loss': 5.4254, '_val loss': 1.6731}","{'D_h1': 256, 'D_h2': 64, 'epochs': 500, 'adam_lr': 0.0001, 'dropout': 0.6, 'version': '1911', 'batch_size': 2, 'valid_rate': 0.2, 'weight_decay': 1e-05, 'early_stop_num': 10}",1911M7001
79,"{'_trn loss': 4.7435, '_val loss': 2.6488, '_timestamp': 1681894479.3524609, '2C_loss': 0.44913527369499207, '_runtime': 19.610545873641968, 'tst loss': 6.9854, '1A_loss': 25.35896873474121, '3N_loss': 0.454455703496933, '4O_loss': 0.00949097704142332, '_step': 40, '_wandb': {'runtime': 18}, '0E_loss': 8.655108451843262}","{'D_h1': 256, 'D_h2': 64, 'epochs': 500, 'adam_lr': 0.0001, 'dropout': 0.6, 'version': '1911', 'batch_size': 2, 'valid_rate': 0.2, 'weight_decay': 1e-05, 'early_stop_num': 10}",1911M6003
80,"{'_wandb': {'runtime': 15}, '1A_loss': 2.032931089401245, '4O_loss': 0.947791874408722, '_val loss': 2.009, 'tst loss': 1.5147, '_trn loss': 6.8504, '_timestamp': 1681894455.7202349, '_step': 33, '0E_loss': 2.082397222518921, '2C_loss': 1.340184450149536, '3N_loss': 1.1703046560287476, '_runtime': 16.68492889404297}","{'D_h1': 256, 'D_h2': 64, 'epochs': 500, 'adam_lr': 0.0001, 'dropout': 0.6, 'version': '1911', 'batch_size': 2, 'valid_rate': 0.2, 'weight_decay': 1e-05, 'early_stop_num': 10}",1911M6002
81,"{'_runtime': 19.724430084228516, '_timestamp': 1681894434.9485571, '_step': 40, '0E_loss': 0.4197096824645996, '4O_loss': 2.066082715988159, '3N_loss': 0.9753901958465576, 'tst loss': 0.7032, '_trn loss': 6.3088, '_val loss': 1.1978, '_wandb': {'runtime': 18}, '1A_loss': 0.004395741969347, '2C_loss': 0.05057669058442116}","{'D_h1': 256, 'D_h2': 64, 'epochs': 500, 'adam_lr': 0.0001, 'dropout': 0.6, 'version': '1911', 'batch_size': 2, 'valid_rate': 0.2, 'weight_decay': 1e-05, 'early_stop_num': 10}",1911M6001
82,"{'_step': 43, '1A_loss': 3.8069117069244385, '_trn loss': 5.5456, '_val loss': 3.1359, '_runtime': 20.92607545852661, 'tst loss': 1.3093, '_timestamp': 1681894411.0965643, '_wandb': {'runtime': 19}, '0E_loss': 0.09261319041252136, '2C_loss': 1.3788689374923706, '3N_loss': 0.4750622510910034, '4O_loss': 0.7930701971054077}","{'D_h1': 256, 'D_h2': 64, 'epochs': 500, 'adam_lr': 0.0001, 'dropout': 0.6, 'version': '1911', 'batch_size': 2, 'valid_rate': 0.2, 'weight_decay': 1e-05, 'early_stop_num': 10}",1911M5002
83,"{'1A_loss': 2.3284664154052734, '2C_loss': 0.1434016078710556, '3N_loss': 2.6710915565490723, '_trn loss': 8.1772, '_val loss': 2.0586, '_step': 39, '0E_loss': 0.8717005848884583, '_runtime': 19.46169590950012, 'tst loss': 1.2031, '_timestamp': 1681894385.781278, '_wandb': {'runtime': 17}, '4O_loss': 0.0007940655341371894}","{'D_h1': 256, 'D_h2': 64, 'epochs': 500, 'adam_lr': 0.0001, 'dropout': 0.6, 'version': '1911', 'batch_size': 2, 'valid_rate': 0.2, 'weight_decay': 1e-05, 'early_stop_num': 10}",1911M5001
84,"{'0E_loss': 0.05519257113337517, '2C_loss': 2.8851537704467773, '3N_loss': 0.12507614493370056, '4O_loss': 0.5194336175918579, 'tst loss': 0.9918, '_val loss': 3.6003, '_step': 40, '_wandb': {'runtime': 18}, '1A_loss': 1.3739280700683594, '_runtime': 19.718265295028687, '_trn loss': 6.0345, '_timestamp': 1681894362.2123804}","{'D_h1': 256, 'D_h2': 64, 'epochs': 500, 'adam_lr': 0.0001, 'dropout': 0.6, 'version': '1911', 'batch_size': 2, 'valid_rate': 0.2, 'weight_decay': 1e-05, 'early_stop_num': 10}",1911M4002
85,"{'_trn loss': 7.919, '_val loss': 3.8065, '_timestamp': 1681894338.377982, '2C_loss': 0.8463194370269775, '4O_loss': 0.3551679253578186, 'tst loss': 1.6334, '1A_loss': 4.994839668273926, '3N_loss': 0.04729887470602989, '_runtime': 17.709818124771118, '_step': 35, '_wandb': {'runtime': 16}, '0E_loss': 1.9234437942504885}","{'D_h1': 256, 'D_h2': 64, 'epochs': 500, 'adam_lr': 0.0001, 'dropout': 0.6, 'version': '1911', 'batch_size': 2, 'valid_rate': 0.2, 'weight_decay': 1e-05, 'early_stop_num': 10}",1911M4001
86,"{'tst loss': 0.9809, '_timestamp': 1681894316.3688858, '_wandb': {'runtime': 19}, '0E_loss': 0.4833268523216248, '1A_loss': 2.963080883026123, '4O_loss': 0.08776482939720154, '_trn loss': 6.144, '_val loss': 2.3578, '_step': 43, '2C_loss': 1.343074083328247, '3N_loss': 0.027169782668352127, '_runtime': 21.430209636688232}","{'D_h1': 256, 'D_h2': 64, 'epochs': 500, 'adam_lr': 0.0001, 'dropout': 0.6, 'version': '1911', 'batch_size': 2, 'valid_rate': 0.2, 'weight_decay': 1e-05, 'early_stop_num': 10}",1911M2003
87,"{'1A_loss': 0.8032345771789551, '3N_loss': 0.7771889567375183, '4O_loss': 1.3898271322250366, 'tst loss': 1.4725, '_trn loss': 6.4401, '_timestamp': 1681894290.5576792, '_step': 32, '_wandb': {'runtime': 14}, '_runtime': 16.30284810066223, '_val loss': 4.2027, '0E_loss': 0.7580070495605469, '2C_loss': 3.634392738342285}","{'D_h1': 256, 'D_h2': 64, 'epochs': 500, 'adam_lr': 0.0001, 'dropout': 0.6, 'version': '1911', 'batch_size': 2, 'valid_rate': 0.2, 'weight_decay': 1e-05, 'early_stop_num': 10}",1911M2002
88,"{'_trn loss': 5.2419, '_val loss': 2.412, '_timestamp': 1681894269.7223537, '_step': 29, '3N_loss': 2.3025150299072266, '_runtime': 15.329808712005615, 'tst loss': 4.9667, '4O_loss': 2.333253860473633, '_wandb': {'runtime': 13}, '0E_loss': 14.587727546691896, '1A_loss': 4.80898904800415, '2C_loss': 0.8007680773735046}","{'D_h1': 256, 'D_h2': 64, 'epochs': 500, 'adam_lr': 0.0001, 'dropout': 0.6, 'version': '1911', 'batch_size': 2, 'valid_rate': 0.2, 'weight_decay': 1e-05, 'early_stop_num': 10}",1911M2001
89,"{'2C_loss': 0.6203626394271851, '3N_loss': 6.164269924163818, '4O_loss': 3.3485193252563477, '_runtime': 17.80260992050171, '_trn loss': 4.2124, '_step': 35, '_wandb': {'runtime': 16}, '0E_loss': 0.28511059284210205, '_val loss': 3.7212, '1A_loss': 0.3240445852279663, 'tst loss': 2.1485, '_timestamp': 1681894250.45657}","{'D_h1': 256, 'D_h2': 64, 'epochs': 500, 'adam_lr': 0.0001, 'dropout': 0.6, 'version': '1911', 'batch_size': 2, 'valid_rate': 0.2, 'weight_decay': 1e-05, 'early_stop_num': 10}",1911F7002
90,"{'2C_loss': 0.22999142110347748, '3N_loss': 0.3441832661628723, '4O_loss': 0.9326504468917848, '_trn loss': 5.2069, '_step': 53, '_wandb': {'runtime': 23}, '0E_loss': 4.697413444519043, '1A_loss': 1.0591163635253906, '_runtime': 25.19112873077393, 'tst loss': 1.4527, '_val loss': 3.9248, '_timestamp': 1681894228.1006248}","{'D_h1': 256, 'D_h2': 64, 'epochs': 500, 'adam_lr': 0.0001, 'dropout': 0.6, 'version': '1911', 'batch_size': 2, 'valid_rate': 0.2, 'weight_decay': 1e-05, 'early_stop_num': 10}",1911F6003
91,"{'3N_loss': 0.00010446893429616466, '4O_loss': 1.2522388696670532, '_runtime': 21.422344207763672, '_trn loss': 7.6609, '_timestamp': 1681894198.543919, '0E_loss': 0.38349220156669617, '2C_loss': 1.4993435144424438, '1A_loss': 1.7106260061264038, 'tst loss': 0.9692, '_val loss': 3.2628, '_step': 45, '_wandb': {'runtime': 19}}","{'D_h1': 256, 'D_h2': 64, 'epochs': 500, 'adam_lr': 0.0001, 'dropout': 0.6, 'version': '1911', 'batch_size': 2, 'valid_rate': 0.2, 'weight_decay': 1e-05, 'early_stop_num': 10}",1911F6002
92,"{'0E_loss': 1.0220451354980469, '1A_loss': 0.6894350647926331, '2C_loss': 5.600633144378662, '3N_loss': 0.1483287364244461, '_wandb': {'runtime': 20}, '4O_loss': 0.2450522631406784, '_runtime': 22.284063577651978, 'tst loss': 1.5411, '_trn loss': 4.9815, '_val loss': 1.8534, '_timestamp': 1681894172.5141623, '_step': 46}","{'D_h1': 256, 'D_h2': 64, 'epochs': 500, 'adam_lr': 0.0001, 'dropout': 0.6, 'version': '1911', 'batch_size': 2, 'valid_rate': 0.2, 'weight_decay': 1e-05, 'early_stop_num': 10}",1911F6001
93,"{'_step': 32, '3N_loss': 1.3829011917114258, '_wandb': {'runtime': 15}, '0E_loss': 0.0019977192860096693, '1A_loss': 1.415218472480774, '2C_loss': 1.021667242050171, '4O_loss': 0.1703997701406479, '_runtime': 17.29373073577881, 'tst loss': 0.7984, '_trn loss': 6.5483, '_val loss': 2.7243, '_timestamp': 1681894145.6728218}","{'D_h1': 256, 'D_h2': 64, 'epochs': 500, 'adam_lr': 0.0001, 'dropout': 0.6, 'version': '1911', 'batch_size': 2, 'valid_rate': 0.2, 'weight_decay': 1e-05, 'early_stop_num': 10}",1911F5002
94,"{'_runtime': 16.56336784362793, 'tst loss': 2.9535, '_val loss': 3.5499, '_timestamp': 1681894124.0401795, '_step': 32, '3N_loss': 1.2458757162094116, '4O_loss': 2.4912099838256836, '2C_loss': 3.163986921310425, '_trn loss': 4.7495, '_wandb': {'runtime': 14}, '0E_loss': 1.4773657321929932, '1A_loss': 6.388840198516846}","{'D_h1': 256, 'D_h2': 64, 'epochs': 500, 'adam_lr': 0.0001, 'dropout': 0.6, 'version': '1911', 'batch_size': 2, 'valid_rate': 0.2, 'weight_decay': 1e-05, 'early_stop_num': 10}",1911F5001
95,"{'_trn loss': 8.7795, '1A_loss': 1.3735793828964231, '4O_loss': 2.6628823280334473, '_runtime': 25.81265354156494, '2C_loss': 0.010519932024180887, '3N_loss': 0.06216190382838249, 'tst loss': 2.6699, '_val loss': 2.1733, '_timestamp': 1681894103.4732206, '_step': 54, '_wandb': {'runtime': 24}, '0E_loss': 9.24013900756836}","{'D_h1': 256, 'D_h2': 64, 'epochs': 500, 'adam_lr': 0.0001, 'dropout': 0.6, 'version': '1911', 'batch_size': 2, 'valid_rate': 0.2, 'weight_decay': 1e-05, 'early_stop_num': 10}",1911F4003
96,"{'_wandb': {'runtime': 15}, '1A_loss': 1.014323592185974, '3N_loss': 0.11293891817331314, '_trn loss': 6.771, '_timestamp': 1681894073.274462, '_step': 34, '2C_loss': 1.469779817853123e-05, '4O_loss': 5.724311351776123, '_runtime': 17.331764936447144, 'tst loss': 3.1169, '_val loss': 2.6317, '0E_loss': 8.732763290405273}","{'D_h1': 256, 'D_h2': 64, 'epochs': 500, 'adam_lr': 0.0001, 'dropout': 0.6, 'version': '1911', 'batch_size': 2, 'valid_rate': 0.2, 'weight_decay': 1e-05, 'early_stop_num': 10}",1911F4002
97,"{'1A_loss': 2.138723850250244, '2C_loss': 0.8101246356964111, '_step': 45, '0E_loss': 0.9969658255577089, '4O_loss': 0.8766064047813416, '_runtime': 21.99878478050232, 'tst loss': 1.2352, '_trn loss': 7.7505, '_val loss': 1.8293, '_timestamp': 1681894052.0825107, '_wandb': {'runtime': 20}, '3N_loss': 1.3533424139022827}","{'D_h1': 256, 'D_h2': 64, 'epochs': 500, 'adam_lr': 0.0001, 'dropout': 0.6, 'version': '1911', 'batch_size': 2, 'valid_rate': 0.2, 'weight_decay': 1e-05, 'early_stop_num': 10}",1911F4001
98,"{'2C_loss': 2.7693262100219727, '3N_loss': 0.0047515626065433025, '4O_loss': 0.011902468279004095, '_val loss': 2.6997, '_step': 32, '_wandb': {'runtime': 14}, '0E_loss': 3.0656416416168213, '1A_loss': 0.904201865196228, '_timestamp': 1681894025.6534913, '_runtime': 16.466788291931152, 'tst loss': 1.3512, '_trn loss': 6.7952}","{'D_h1': 256, 'D_h2': 64, 'epochs': 500, 'adam_lr': 0.0001, 'dropout': 0.6, 'version': '1911', 'batch_size': 2, 'valid_rate': 0.2, 'weight_decay': 1e-05, 'early_stop_num': 10}",1911F3003
99,"{'2C_loss': 0.20121099054813385, '4O_loss': 0.9564012885093688, '_runtime': 19.673104524612427, '_step': 39, '0E_loss': 11.372861862182615, '1A_loss': 3.703423023223877, '3N_loss': 1.5059040784835815, 'tst loss': 3.548, '_trn loss': 6.5744, '_val loss': 2.423, '_timestamp': 1681894005.0000336, '_wandb': {'runtime': 18}}","{'D_h1': 256, 'D_h2': 64, 'epochs': 500, 'adam_lr': 0.0001, 'dropout': 0.6, 'version': '1911', 'batch_size': 2, 'valid_rate': 0.2, 'weight_decay': 1e-05, 'early_stop_num': 10}",1911F3002
100,"{'1A_loss': 6.651612281799316, '_runtime': 15.95548939704895, 'tst loss': 2.6867, '_timestamp': 1681893980.3118644, '4O_loss': 0.015254102647304537, '_trn loss': 6.7019, '_val loss': 3.3364, '_step': 31, '_wandb': {'runtime': 14}, '0E_loss': 5.090072154998779, '2C_loss': 1.5107530355453491, '3N_loss': 0.16585561633110046}","{'D_h1': 256, 'D_h2': 64, 'epochs': 500, 'adam_lr': 0.0001, 'dropout': 0.6, 'version': '1911', 'batch_size': 2, 'valid_rate': 0.2, 'weight_decay': 1e-05, 'early_stop_num': 10}",1911F3001
101,"{'_step': 38, '2C_loss': 4.285218715667725, '3N_loss': 1.597656011581421, '_timestamp': 1681893959.592739, '_runtime': 19.263500452041622, 'tst loss': 2.0368, '_trn loss': 7.1408, '_val loss': 2.1419, '_wandb': {'runtime': 17}, '0E_loss': 0.7231606245040894, '1A_loss': 0.14949533343315125, '4O_loss': 3.4284708499908447}","{'D_h1': 256, 'D_h2': 64, 'epochs': 500, 'adam_lr': 0.0001, 'dropout': 0.6, 'version': '1911', 'batch_size': 2, 'valid_rate': 0.2, 'weight_decay': 1e-05, 'early_stop_num': 10}",1911F2002
102,"{'3N_loss': 9.899025917053224, '4O_loss': 1.1001825332641602, '_runtime': 24.46770429611206, 'tst loss': 5.6958, '_step': 53, '_wandb': {'runtime': 23}, '0E_loss': 8.129130363464355, '1A_loss': 1.3650511503219604, '_trn loss': 6.4501, '_val loss': 3.366, '2C_loss': 7.985859394073486, '_timestamp': 1681893933.8756945}","{'D_h1': 256, 'D_h2': 64, 'epochs': 500, 'adam_lr': 0.0001, 'dropout': 0.6, 'version': '1911', 'batch_size': 2, 'valid_rate': 0.2, 'weight_decay': 1e-05, 'early_stop_num': 10}",1911F2001
